model,auc,logloss,brier,ece
logreg,0.9152110804796227,0.40000207888797923,0.12256487671194984,0.07496547802440623
