model,auc,logloss,brier,ece
logreg,0.9121698747987409,0.40924205968008176,0.12554586864497735,0.09331111546653528
