model,auc,logloss,brier,ece
logreg,0.8560289889635252,0.4916482381192137,0.1589387757679262,0.083588488414924
