model,auc,logloss,brier,ece
logreg,0.891164238533503,0.4459403352755491,0.1399667189863794,0.07675635853278097
