model,auc,logloss,brier,ece
logreg,0.606787448924524,0.6768956922139561,0.24194730112124074,0.030328134023639104
